名称,性别,id,年龄,出发时间,到达时间
乘客1,女,1001,64,2023-12-14 15:23:47,2023-12-18 05:15:29
乘客2,女,1002,32,2023-05-09 08:47:12,2023-05-15 02:38:54
乘客3,男,1003,71,2023-07-23 13:15:33,2023-07-29 07:07:15
乘客4,女,1004,45,2023-09-18 21:52:08,2023-09-24 15:43:50
乘客5,女,1005,62,2023-08-25 04:28:31,2023-08-31 22:20:13
乘客6,女,1006,38,2023-04-11 17:04:54,2023-04-17 10:56:36
乘客7,男,1007,51,2023-01-27 09:41:17,2023-02-02 03:32:59
乘客8,男,1008,26,2023-10-03 01:17:40,2023-10-08 19:09:22
乘客9,女,1009,43,2023-03-15 14:54:03,2023-03-21 08:45:45
乘客10,男,1010,58,2023-11-29 22:30:26,2023-12-05 16:22:08
乘客11,男,1011,35,2023-06-07 06:06:49,2023-06-13 00:58:31
乘客12,女,1012,69,2023-02-19 18:43:12,2023-02-25 12:34:54
乘客13,男,1013,22,2023-12-28 11:19:35,2024-01-03 05:11:17
乘客14,女,1014,55,2023-01-08 03:55:58,2023-01-13 21:47:40
乘客15,男,1015,48,2023-10-22 16:32:21,2023-10-28 10:24:03
乘客16,女,1016,39,2023-05-30 00:08:44,2023-06-04 18:00:26
乘客17,男,1017,66,2023-08-12 07:45:07,2023-08-18 01:36:49
乘客18,男,1018,29,2023-04-24 20:21:30,2023-04-30 14:13:12
乘客19,女,1019,53,2023-07-05 12:57:53,2023-07-11 06:49:35
乘客20,男,1020,41,2023-09-30 05:34:16,2023-10-06 23:25:58
